Mutation type,Variant class,HGMD_ID,dbsnp,Functional Profile,Disease/Phenotype,Gene symbol,Entrez Gene Id,HGVS,Base change,Location,Triplet change,Amino Acid change,Codon number,Genomic coordinates (GRCh37/hg19),Genomic Sequence Context (GRCh37/hg19),Genomic coordinates (GRCh38),MutPred Probability of deleterious mutation,SIFT,Reference,,,,link
Missense,DM?,CM1817316,,,"Frontotemporal dementia, behavioural variant",AARS2,57505,[NM_020745.3:c.636G>A] [NP_065796.1:p.M212I],G-A,,ATG-ATA,Met-Ile,212,chr6:44278844 (-),CTTTGGACCACAAGAGAACTTCTGGGAGAT[G/A]GGGGATACTGGCCCTTGTGGGCCCTGTACT,chr6:44311107 (-),,,"Kim (2018) NEURO AG 72, 186.e1 ",,,,
Splice,DM,CS1817317,,,"Frontotemporal dementia, behavioural variant",AARS2,57505,[NM_020745.3:c.1040+1G>A],G-A,"IVS 6, ds, +1",,,,chr6:44274985 (-),TGGCATCTTCCCTGGGATGTCAGGTCCCCC[G/A]tgagtctggaagggctacagagaggacagg,chr6:44307248 (-),,,"Kim (2018) NEURO AG 72, 186.e1 ",,,,
Missense,DM?,CM1817327,,,Frontotemporal dementia,ALS2,57679,[NM_020919.3:c.395C>T] [NP_065970.2:p.P132L],C-T,,CCG-CTG,Pro-Leu,132,chr2:202626322 (-),AGTGTGCAGTAGCCAACCAGCAGTATGTGC[C/T]GGAACCAAATCCTGTCAGCATTGCTGATTC,chr2:201761599 (-),,,"Kim (2018) NEURO AG 72, 186.e1 ",,,,
Missense,DM?,CM1811837,,,Frontotemporal dementia/Parkinsonism,APBB2,323,[NM_001166051.1:c.433A>T] [NP_001159523.1:p.N145Y],A-T,,AAC-TAC,Asn-Tyr,145,chr4:40823920 (-),CACGTTTTCTGGTGCGAGCCTAATGCTGGT[A/T]ACGTGTCTGAGGCGGTGCAGGCCGCCTGCA,chr4:40821903 (-),,,"Xu (2018) AGDIS 9, 696 ",,,,
Missense,DM,CM1811814,,,Alzheimer disease/frontotemporal dementia,APP,351,[NM_000484.3:c.2061A>C] [NP_000475.1:p.K687N],A-C,,AAA-AAC,Lys-Asn,687,chr21:27269888 (-),TGACTCAGGATATGAAGTTCATCATCAAAA[A/C]TTGgtacgtaaaataatttacctctttcca,chr21:25897576 (-),,,"Xu (2018) AGDIS 9, 696 ",,,,
Missense,DM,CM152472,rs202198008,,Dementia,APP,351,[NM_000484.3:c.826A>T] [NP_000475.1:p.T276S],A-T,,ACC-TCC,Thr-Ser,276,chr21:27394195 (-),ACAGAGAGAACCACCAGCATTGCCACCACC[A/T]CCACCACCACCACAGAGTCTGTGGAAGAGG,chr21:26021879 (-),,,"Weihl (2015) NEU DIS 25, 289 ",,,,
1,,,rs6689429,chr1:159587731,,APCS,,,A-G,,,,,chr1:159587731,,,,,Santos_ejhg_2016,,,,
2,,,rs2808661,chr1:159588468,,APCS,,,A-G,,,,,chr1:159588468,,,,,Santos_ejhg_2016 & Dardiotis_JNS_2009,,,,
3,,,rs28383573,chr1:159588882,,APCS,,,G-T,,,,,chr1:159588882,,,,,Santos_ejhg_2016,,,,
4,,,rs2207040,chrX:67548107,,AR,,,G-A,,,,,chrX:67548107,,,,,Santos_ejhg_2016,,,,
5,,,rs9282610,chrX:67566112,,AR,,,A-G,,,,,chrX:67566112,,,,,Santos_ejhg_2016,,,,
6,,,rs5919392,chrX:67581463,,AR,,,C-T,,,,,chrX:67581463,,,,,Santos_ejhg_2016,,,,
7,,,rs5919393,chrX:67605515,,AR,,,C-T,,,,,chrX:67605515,,,,,Santos_ejhg_2016,,,,
8,,,rs12009820,chrX:67609772,,AR,,,A-G,,,,,chrX:67609772,,,,,Santos_ejhg_2016,,,,
9,,,rs17217069,chrX:67616907,,AR,,,G-A,,,,,chrX:67616907,,,,,Santos_ejhg_2016,,,,
10,,,rs2361634,chrX:67643001,,AR,,,A-G,,,,,chrX:67643001,,,,,Santos_ejhg_2016,,,,
11,,,rs5965433,chrX:g.67690762,,AR,,,T-A,,,,,chrX:g.67690762,,,,,Santos_ejhg_2016,,,,
12,,,rs12011793,chrX:g.67698249,,AR,,,T-C,,,,,chrX:g.67698249,,,,,Santos_ejhg_2016,,,,
13,,,rs11497352,chrX:g.67707333,,AR,,,T-C,,,,,chrX:g.67707333,,,,,Santos_ejhg_2016,,,,
14,,,rs5031002,chrX:g.67722783,,AR,,,G-A,,,,,chrX:g.67722783,,,,,Santos_ejhg_2016,,,,
15,,,rs17484721,chr10:93593555,,RBP4,,,A-G,,,,,chr10:93593555,,,,,Santos_ejhg_2016,,,,Chromosome 10:93593555 
16,,,rs7091052,chr10:93595641,,RBP4,,,G-A,,,,,chr10:93595641,,,,,Santos_ejhg_2016,,,,Chromosome 10:93595641
17,,,rs7094671,chr10:93595860,,RBP4,,,G-A,,,,,chr10:93595860,,,,,Santos_ejhg_2016,,,,Chromosome 10:93595860 
18,,,rs11187545,chr10:93597348,,RBP4,,,A-G,,,,,chr10:93597348,,,,,Santos_ejhg_2016,,,,Chromosome 10:93597348
19,,,rs28383574,chr10:93598696,,RBP4,,,T-C,,,,,chr10:93598696,,,,,Santos_ejhg_2016,,,,Chromosome 10:93598696
20,,,rs3758539,chr10.93601831,,RBP4,,,C-T,,,,,chr10.93601831,,,,,Santos_ejhg_2016,,,,10:93601831
21,,,rs3780836,Chr10:93601831,,NGAL,,,C-T,,,,,Chr10:93601831,,,,,Santos_AnnTransMed_2017,,,,Chromosome 10:93601831
22,,,rs2269404,ChrX:153507300,,BGN,,,T-C,,,,,ChrX:153507300,,,,,Santos_AnnTransMed_2017,,,,Chromosome X:153507300
23,,,rs8039880,Chr15:66468004,,MEK1,,,A-G,,,,,Chr15:66468004,,,,,Santos_AnnTransMed_2017,,,,Chromosome 15:66468004
24,,,rs11630608,Chr15:66452799,,MEK1,,,T-C,,,,,Chr15:66452799,,,,,Santos_AnnTransMed_2017,,,,15:66452799
25,,,rs16949939,Chr5:66436912,,MEK1,,,C-T,,,,,Chr5:66436912,,,,,Santos_AnnTransMed_2017,,,,5:66436912
26,,,rs745796,Chr15:66406242 ,,MEK1,,,T-C,,,,,Chr15:66406242 ,,,,,Santos_AnnTransMed_2017,,,,15:66406242 
27,,,rs1823059,Chr19:4115995 ,,MEK2,,,G-A,,,,,Chr19:4115995 ,,,,,Santos_AnnTransMed_2017,,,,19:4115995 
28,,,rs11769502,Chr7:76303742,,HSP27,,,C-T,,,,,Chr7:76303742,,,,,Santos_AnnTransMed_2017,,,,7:76303742
29,,,rs17365305,Chr8:100921454,,YWHAZ,,,G-A,,,,,Chr8:100921454,,,,,Santos_AnnTransMed_2017,,,,8:100921454
30,,,rs172378,chr1:22638945,,C1QA,,,A-G,,,,,chr1:22638945,,,,,Dias_AnnTranslMed_2018,,,,
31,,,rs201693493,chr1:22637741,,C1QA,,,G-A,,,,,chr1:22637741,,,,,Dias_AnnTranslMed_2018,,,,https://www.ncbi.nlm.nih.gov/snp/rs172378
32,,,rs149050968,chr1:22639194,,C1QA,,,C-T,,,,,chr1:22639194,,,,,Dias_AnnTranslMed_2018,,,,https://www.ncbi.nlm.nih.gov/snp/rs201693493
33,,,"rs2935537,",chr1:22644021,,C1QC,,,G-A,,,,,chr1:22644021,,,,,Dias_AnnTranslMed_2018,,,,
34,,,rs201241346,chr1:22647797,,C1QC,,,G-A,,,,,chr1:22647797,,,,,Dias_AnnTranslMed_2018,,,,
35,,,rs200952686,chr1:22647788,,C1QC,,,G-A,,,,,chr1:22647788,,,,,Dias_AnnTranslMed_2018,,,,
36,,,rs15940,chr1:22644149,,C1QC,,,C>A / C>G / C>T,,,,,chr1:22644149,,,,,Dias_AnnTranslMed_2018,,,,
37,,,rs9434,chr1:22647804,,C1QC,,,C>A / C>T,,,,,chr1:22647804,,,,,Dias_AnnTranslMed_2018,,,,
38,,,rs9963048,chr18:31952562,,TTR,,,T-C,,,,,chr18:31952562,,,,,eQTL_David,,,,
39,,,rs113370271,chr18:31831502,,TTR,,,G-A,,,,,chr18:31831502,,,,,eQTL_David,,,,https://www.ncbi.nlm.nih.gov/snp/rs9963048
40,,,rs111543118,chr18:31952334,,TTR,,,G-C,,,,,chr18:31952334,,,,,eQTL_David,,,,https://www.ncbi.nlm.nih.gov/snp/rs9963048
41,,,rs74871921,chr18:31853824,,TTR,,,T-C,,,,,chr18:31853824,,,,,eQTL_David,,,,https://www.ncbi.nlm.nih.gov/snp/rs113370271
42,,,rs77385843,chr18:31914288,,TTR,,,A-G,,,,,chr18:31914288,,,,,eQTL_David,,,,https://www.ncbi.nlm.nih.gov/snp/rs74871921
43,,,rs875119,chr18:31587128,,TTR,,,T-C,,,,,chr18:31587128,,,,,multiple studies,,,,
44,,,rs3764478,chr18:31590520 ,,TTR,,,G-T,,,,,chr18:31590520 ,,,,,multiple studies,,,,https://www.ncbi.nlm.nih.gov/snp/rs875119
45,,,rs72922947,chr18:31593821,,TTR,,,G-A,,,,,chr18:31593821,,,,,multiple studies,,,,https://www.ncbi.nlm.nih.gov/snp/rs3764478
46,,,rs7235277,chr18:31596910,,TTR,,,G-C,,,,,chr18:31596910,,,,,multiple studies,,,,
47,,,rs62093482,chr18:31598936,,TTR,,,C-T,,,,,chr18:31598936,,,,,Olsson_BMC_2008,,,,https://www.ncbi.nlm.nih.gov/snp/rs7235277
48,,,rs1791228,chr18:31599077,,TTR,,,C-T,,,,,chr18:31599077,,,,,multiple studies,,,,https://www.ncbi.nlm.nih.gov/snp/rs62093482
49,,,rs4799586,chr18:31612973,,TTR,,,T-C,,,,,chr18:31612973,,,,,multiple studies,,,,https://www.ncbi.nlm.nih.gov/snp/rs1791228
50,,,rs71383038,18:31590671-31590672 ,,TTR,,,CA-del,,,,,18:31590671-31590672 ,,,,,multiple studies,,,,https://www.ncbi.nlm.nih.gov/snp/rs4799586
51,,,rs3794885,chr18:31591160 ,,TTR,,,A>G / A>T,,,,,chr18:31591160 ,,,,,multiple studies,,,,https://www.ensembl.org/Homo_sapiens/Variation/Explore?db=core;r=18:31590171-31591172;v=rs71383038;vdb=variation;vf=177263353
52,,,rs62093482),chr18:31598936 ,,TTR,,,C-T,,,,,chr18:31598936 ,,,,,multiple studies,,,,https://www.ncbi.nlm.nih.gov/snp/rs3794885
53,,,rs17740847,chr18:31585955,,TTR,,,C/T,,,,,chr18:31585955,+,,,,additioanl snps +/-6kb TTR 0.1-0.9 MAF,,,,
54,,,rs1667244,chr18:31587942,,TTR,,,A/G/T,,,,,chr18:31587942,+,,,,additioanl snps +/-6kb TTR 0.1-0.9 MAF,,,,
55,,,rs3764479,chr18:31589862,,TTR,,,C/T,,,,,chr18:31589862,-,,,,additioanl snps +/-6kb TTR 0.1-0.9 MAF,,,,
56,,,rs13381522,chr18:31589970,,TTR,,,C/T,,,,,chr18:31589970,+,,,,additioanl snps +/-6kb TTR 0.1-0.9 MAF,,,,
57,,,rs112278416,chr18:31590654,,TTR,,,A/G,,,,,chr18:31590654,+,,,,additioanl snps +/-6kb TTR 0.1-0.9 MAF,,,,
58,,,rs58616646,chr18:31590767,,TTR,,,C/T,,,,,chr18:31590767,+,,,,additioanl snps +/-6kb TTR 0.1-0.9 MAF,,,,
59,,,rs723744,chr18:31592513,,TTR,,,A/C,,,,,chr18:31592513,-,,,,additioanl snps +/-6kb TTR 0.1-0.9 MAF,,,,
60,,,rs1080093,chr18:31593717,,TTR,,,A/C/G,,,,,chr18:31593717,+,,,,additioanl snps +/-6kb TTR 0.1-0.9 MAF,,,,
61,,,rs1080094,chr18:31593832,,TTR,,,A/G,,,,,chr18:31593832,+,,,,additioanl snps +/-6kb TTR 0.1-0.9 MAF,,,,
62,,,rs3764476,chr18:31596497,,TTR,,,A/G/T,,,,,chr18:31596497,-,,,,additioanl snps +/-6kb TTR 0.1-0.9 MAF,,,,
63,,,rs3794884,chr18:31597008,,TTR,,,A/C,,,,,chr18:31597008,-,,,,additioanl snps +/-6kb TTR 0.1-0.9 MAF,,,,
64,,,rs1791227,chr18:31597868,,TTR,,,A/C/T,,,,,chr18:31597868,+,,,,additioanl snps +/-6kb TTR 0.1-0.9 MAF,,,,
65,,,rs1667251,chr18:31598416,,TTR,,,G/T,,,,,chr18:31598416,+,,,,additioanl snps +/-6kb TTR 0.1-0.9 MAF,,,,
66,,,rs75032823,chr18:31599265,,TTR,,,A/G,,,,,chr18:31599265,+,,,,additioanl snps +/-6kb TTR 0.1-0.9 MAF,,,,
67,,,rs1791229,chr18:31602389,,TTR,,,G/T,,,,,chr18:31602389,+,,,,additioanl snps +/-6kb TTR 0.1-0.9 MAF,,,,
68,,,rs4799583,chr18:31603624,,TTR,,,A/C,,,,,chr18:31603624,+,,,,additioanl snps +/-6kb TTR 0.1-0.9 MAF,,,,
69,,,rs1473342,chr18:31603849,,TTR,,,C/T,,,,,chr18:31603849,+,,,,additioanl snps +/-6kb TTR 0.1-0.9 MAF,,,,
70,,,rs1791201,chr18:31605305,,TTR,,,C/G/T,,,,,chr18:31605305,-,,,,additioanl snps +/-6kb TTR 0.1-0.9 MAF,,,,
71,,,rs1667254,chr18:31606165,,TTR,,,C/T,,,,,chr18:31606165,+,,,,additioanl snps +/-6kb TTR 0.1-0.9 MAF,,,,
72,,,rs1611949,chr18:31607203,,TTR,,,C/G,,,,,chr18:31607203,-,,,,additioanl snps +/-6kb TTR 0.1-0.9 MAF,,,,
73,,,rs1667255,chr18:31607316,,TTR,,,A/C/G/T,,,,,chr18:31607316,+,,,,additioanl snps +/-6kb TTR 0.1-0.9 MAF,,,,
74,,,,,,,,,,,,,,,,,,,,,,,